date,DN_450,DN_500,DN_550,DN_570,DN_600,DN_650,DN_610,DN_680,DN_730,DN_760,DN_810,DN_860,Plot
2022-01-01,0.667840694,0.621286264,0.678121721,0.535809332,0.585378005,0.429474708,0.532049338,0.39781632,0.587362171,0.497159091,0.587721051,0.529769687,Sant Antonio 1
2022-01-02,0.470231645,0.63071104,0.747201819,0.656676918,0.585767219,0.488975357,0.559094126,0.576742242,0.606048558,0.514505026,0.471450694,0.430202152,Sant Antonio 1
2022-01-03,0.489478913,0.654116942,0.784729509,0.67804128,0.610521236,0.51596952,0.585254272,0.595287849,0.640108142,0.549879808,0.488185633,0.447173891,Sant Antonio 1
2022-01-04,0.20060056,0.28049633,0.341757025,0.295478739,0.267312243,0.22195201,0.263876251,0.268650089,0.266910517,0.243389423,0.207688081,0.197752187,Sant Antonio 1
2022-01-05,0.072699359,0.085759225,0.102308499,0.082648294,0.078776934,0.059176394,0.073804469,0.0684359,0.067324003,0.06173514,0.053451893,0.049783767,Sant Antonio 1
2022-01-06,0.191682471,0.242048235,0.240322957,0.224732391,0.215157554,0.206468872,0.196769791,0.194859471,0.196670908,0.181517701,0.186582076,0.175751785,Sant Antonio 1
2022-01-07,0.669534002,0.895041694,1.031100618,1.011887161,1.111595466,1.01345655,0.987513902,0.922317417,1.120918151,0.947333916,1.107253472,1.077139696,Sant Antonio 1
2022-01-08,0.584021945,0.557497379,0.572096887,0.460701402,0.531432931,0.369649805,0.451673238,0.354586773,0.605253393,0.45427229,0.550504546,0.539198431,Sant Antonio 1
2022-01-09,0.228314368,0.309332401,0.349845517,0.321648235,0.330676298,0.32368677,0.344378728,0.383058197,0.372137405,0.355796547,0.356429214,0.359172282,Sant Antonio 1
2022-01-10,0.099002077,0.11996305,0.12416929,0.111626944,0.10960269,0.103842412,0.115509049,0.127860203,0.124708439,0.118689904,0.113397942,0.114402092,Sant Antonio 1
2022-01-11,0.659882146,0.619164128,0.653783374,0.536918209,0.60320401,0.415288586,0.522444647,0.426679553,0.669529262,0.55315778,0.646667999,0.624308559,Sant Antonio 1
2022-01-12,0.664228303,0.637139861,0.689780809,0.560500325,0.622431187,0.428501946,0.544434334,0.442743705,0.688348176,0.577469406,0.686132481,0.632857287,Sant Antonio 1
2022-01-13,0.659599928,0.630398961,0.685408651,0.556804069,0.61340142,0.425259403,0.538115458,0.438303208,0.681456743,0.556435752,0.683135178,0.641406014,Sant Antonio 1
2022-01-14,0.645940576,0.615169521,0.679870584,0.547193802,0.608730851,0.416990921,0.536093418,0.429944624,0.653095844,0.543870192,0.663652713,0.641908881,Sant Antonio 1
2022-01-15,0.646956561,0.614545364,0.679579107,0.544828198,0.610132021,0.428664073,0.537357193,0.431250653,0.636132316,0.534309441,0.652912379,0.659006336,Sant Antonio 1
2022-01-16,0.873972726,0.926374395,1.056896351,0.912531788,0.923682899,0.689688716,0.84723486,0.7253683,1.02735369,0.861560315,0.964631831,0.908930906,Sant Antonio 1
2022-01-17,0.657116409,0.621286264,0.684825697,0.546898102,0.609976336,0.4461738,0.541148519,0.440654059,0.651240458,0.538406906,0.673643721,0.694709846,Sant Antonio 1
2022-01-18,0.672807731,0.638637839,0.701294159,0.562570229,0.6244551,0.465953307,0.554544535,0.451363494,0.650445293,0.541958042,0.673643721,0.717338831,Sant Antonio 1
2022-01-19,0.693240314,0.66235582,0.722280518,0.584156366,0.642047578,0.502107652,0.572742898,0.467297043,0.671119593,0.554250437,0.692376861,0.750276576,Sant Antonio 1
2022-01-20,0.049726813,0.0582963,0.060262912,0.055961322,0.056202516,0.049935149,0.059018299,0.064909623,0.060697625,0.057501093,0.051578579,0.053178115,Sant Antonio 1
2022-01-21,0.465998374,0.616293004,0.718199837,0.658229345,0.711016316,0.651426719,0.925083409,1.061017658,1.072678117,0.92930507,0.930662404,0.933571357,Sant Antonio 1
2022-01-22,0.472715163,0.498951416,0.556940072,0.463362706,0.497259933,0.37726978,0.553154383,0.468733675,0.701998516,0.613117351,0.695124388,0.679749573,Sant Antonio 1
2022-01-23,0.989004786,1.062191042,1.310335782,1.098823112,1.058195292,0.768806744,0.886664645,0.832201442,1.164387193,0.95197771,1.005345189,0.89258775,Sant Antonio 1
2022-01-24,0.727670911,0.701053578,0.772997552,0.628215743,0.683615643,0.543936446,0.613436457,0.507783931,0.731817218,0.682637675,0.773803577,0.830986624,Sant Antonio 1
2022-01-25,0.70994762,0.679832226,0.757257782,0.613726418,0.671316478,0.532425422,0.600545951,0.499164142,0.741094148,0.670618444,0.799280647,0.82671226,Sant Antonio 1
2022-01-26,0.488124266,0.615544016,0.712078815,0.619270803,0.544199153,0.446741245,0.517010414,0.512224428,0.551049618,0.462057474,0.423868518,0.37287539,Sant Antonio 1
2022-01-27,0.60180168,0.75448145,0.91713303,0.766160033,0.744021671,0.57457847,0.694065312,0.644394525,0.694444444,0.581020542,0.544010391,0.474202957,Sant Antonio 1
2022-01-28,0.785920708,0.778074599,0.833041856,0.709533385,0.772512143,0.593547341,0.708472349,0.5976387,0.859838846,0.806927448,0.988610251,0.940108619,Sant Antonio 1
2022-01-29,0.737435654,0.727330604,0.793328087,0.675897451,0.702531448,0.556420233,0.651349712,0.541871278,0.752624046,0.710910184,0.835248277,0.846324047,Sant Antonio 1
2022-01-30,0.877528673,0.887052479,0.925585869,0.81598557,0.85136692,0.670233463,0.796557476,0.650794065,0.918018448,0.876584353,1.051928265,1.028864528,Sant Antonio 1
2022-01-31,0.215727445,0.266764867,0.323102483,0.273375126,0.262330303,0.202658885,0.246941664,0.230644656,0.234043681,0.207331731,0.186831851,0.169214523,Sant Antonio 1
2022-02-01,0.777397724,0.784877915,0.850311881,0.743908569,0.788547764,0.625810636,0.72363765,0.610437781,0.868188083,0.830829327,0.981241882,0.972794931,Sant Antonio 1
2022-02-02,0.72185722,0.696309982,0.775547977,0.659264297,0.683849172,0.546125162,0.636816298,0.527635566,0.751563825,0.70817854,0.83349985,0.838781052,Sant Antonio 1
2022-02-03,1.067348505,1.42957008,1.405940305,1.338636229,1.134014199,1.07457847,1.147507835,1.137812141,1.167302799,1.051955857,1.044310121,1.022578699,Sant Antonio 1
2022-02-04,0.26093877,0.337544315,0.396554739,0.355062393,0.315886163,0.261916342,0.29547063,0.287718107,0.288379983,0.259915865,0.242281946,0.228301318,Sant Antonio 1
2022-02-07,0.902420302,0.917636191,0.955025067,0.863889053,0.896904969,0.769130999,0.833838843,0.750705255,0.950752757,0.921929633,1.116495154,1.12742633,Sant Antonio 1
2022-02-08,0.745111984,0.72489639,0.794931211,0.684768466,0.713740815,0.558446822,0.654130017,0.542263086,0.773960984,0.731124344,0.845364172,0.838781052,Sant Antonio 1
2022-02-09,1.024507812,1.16548909,1.11431736,1.068292034,1.047608669,0.937013619,0.992442625,0.982917146,1.102231764,1.097574301,1.259616345,1.31109826,Sant Antonio 1
2022-02-10,1.221383094,1.303739951,1.293502973,1.230483766,1.238245734,1.155317769,1.120715802,1.174903354,1.256361323,1.245765953,1.563093216,1.702202555,Sant Antonio 1
2022-02-11,1.181590355,1.231462526,1.295980529,1.196626057,1.205940964,1.073929961,1.102643818,1.105945042,1.235554495,1.228283435,1.537865921,1.704465453,Sant Antonio 1
2022-02-13,0.817529125,1.135841614,1.738661537,1.455142232,1.254826255,0.638618677,1.06030735,1.015829067,1.315733673,1.005244755,0.726346288,0.595645178,Sant Antonio 1
2022-02-14,0.135972636,0.164902382,0.19514399,0.163965935,0.147589986,0.112759403,0.145586897,0.129166231,0.121660305,0.108173077,0.090293736,0.085864427,Sant Antonio 1
2022-02-15,0.423947891,0.552192041,0.680963624,0.590883553,0.545288953,0.440823606,0.563138206,0.49681329,0.525869381,0.444848121,0.397267459,0.355149351,Sant Antonio 1
2022-02-16,0.896888829,0.968941928,1.227119039,1.013661364,1.159858015,1.019455253,1.065867961,0.927280326,1.344624682,1.298623252,1.687231492,1.683345067,Sant Antonio 1
2022-02-19,0.344080195,0.446771858,0.55409817,0.472825123,0.457093038,0.348411154,0.429683551,0.395726674,0.401823579,0.363308566,0.32121091,0.294931107,Sant Antonio 1
2022-02-20,0.708367199,0.944100464,1.020024484,0.908391981,0.727363308,0.565823606,0.652107977,0.878696061,0.823791349,0.818673514,0.756569088,0.799808911,Sant Antonio 1
2022-02-21,0.313939312,0.386478254,0.471027166,0.394464486,0.38345373,0.293287938,0.359670407,0.333820917,0.327343087,0.292832168,0.25926666,0.235592879,Sant Antonio 1
2022-02-22,0.873069629,0.895915514,0.946062143,0.859897096,0.878845435,0.700308042,0.796304721,0.681877547,0.949427481,0.872350306,1.072659606,1.048727748,Sant Antonio 1
2022-02-23,0.86635284,0.866080791,0.904308033,0.814359217,0.848097521,0.630836576,0.724775048,0.662809529,0.819815522,0.811707823,0.9256669,0.994041034,Sant Antonio 1
2022-02-25,0.909701526,1.177909822,1.5348461,1.384100183,1.16912131,0.844925422,1.024668891,0.994410197,1.08341285,0.953480114,0.791537616,0.701121392,Sant Antonio 1
2022-02-26,0.625056444,0.736630549,0.751719716,0.744278195,0.744333043,0.678988327,0.68092205,0.649096228,0.681456743,0.629370629,0.661654511,0.625314291,Sant Antonio 1
2022-02-27,1.088176194,1.372334848,1.773201586,1.593382222,1.353453107,0.994892996,1.199954504,1.111822171,1.380274597,1.186625874,1.043685683,0.911193805,Sant Antonio 1
2022-02-28,0.907387339,0.915514056,0.93797365,0.83328405,0.860941587,0.681420233,0.786068143,0.668947863,0.900127226,0.825502622,0.959386552,1.011264206,Sant Antonio 1
2022-03-01,0.959541226,0.974434513,0.9891279,0.875273523,0.883516004,0.717250324,0.818926297,0.703427019,0.939090331,0.822770979,0.997352383,0.961229005,Sant Antonio 1
2022-03-02,0.970039736,0.99952564,1.024542381,0.90824413,0.909982563,0.751945525,0.857597816,0.741301849,0.954198473,0.861013986,1.028574283,0.982097958,Sant Antonio 1
2022-03-04,0.552244198,0.757602237,0.859566282,0.811993613,0.72549508,0.641536965,0.631887575,0.747831992,0.742419423,0.699847028,0.643171146,0.628080056,Sant Antonio 1
2022-03-08,0.940745507,1.003270585,0.998673779,0.889984624,0.900874953,0.703793774,0.808689718,0.699117125,0.976463104,0.897481425,1.038190628,1.01478427,Sant Antonio 1
2022-03-09,0.896719498,0.947408499,0.929302204,0.834392927,0.839379126,0.656209468,0.753715499,0.650141051,0.886741942,0.81840035,0.966380258,0.976440712,Sant Antonio 1
2022-03-10,0.937076673,0.997029011,0.982715402,0.89064995,0.876354465,0.694390402,0.801233445,0.692195173,0.917090755,0.827414773,0.984114297,0.967514835,Sant Antonio 1
2022-03-12,1.072654204,1.268662306,1.15293809,1.093056952,1.005729232,0.84695201,0.918006268,0.873994358,0.964270568,0.925480769,0.991108003,0.965000503,Sant Antonio 1
2022-03-13,0.990246546,1.047710591,1.014923633,0.922437755,0.878534064,0.722114137,0.825497927,0.7345105,0.928753181,0.881501311,1.000349685,0.976817862,Sant Antonio 1
2022-03-14,1.034611216,1.119800769,1.091946485,0.992740552,0.941275377,0.774562257,0.889697705,0.764549159,0.95327078,0.926300262,1.020831252,1.021572966,Sant Antonio 1
2022-03-19,1.093651224,1.179782294,1.19782558,1.07487137,1.047141612,0.855869001,0.968810029,0.872427124,1.079304495,1.002786276,1.13023279,1.073116766,Sant Antonio 1
2022-03-20,1.208570396,1.508775653,1.493674945,1.405908096,1.213024661,1.029588197,1.10504499,1.143819873,1.300758058,1.236341783,1.338170646,1.283440611,Sant Antonio 1
2022-03-21,1.076605256,1.172167574,1.155852862,1.042935715,0.982687757,0.806258106,0.921797594,0.82436527,1.020197201,0.952250874,1.074782696,1.019058634,Sant Antonio 1
2022-03-22,0.999841958,1.056448794,1.050629591,0.928351765,0.901419853,0.730058366,0.854564756,0.729286386,0.937234945,0.882593969,1.006094515,0.972040632,Sant Antonio 1
2022-03-23,0.926126614,1.033854297,0.964935292,0.859157845,0.85689376,0.6788262,0.808816095,0.679396092,0.902247668,0.841346154,0.994854631,0.960474706,Sant Antonio 1
2022-03-24,1.011808001,1.180406451,1.073947767,0.979212254,0.923994271,0.746919585,0.869982813,0.773430154,0.958439355,0.902534965,1.002847437,0.992658151,Sant Antonio 1
2022-03-25,1.152239682,1.283891746,1.24271307,1.108876929,1.038423216,0.854409857,0.966282479,0.879740884,1.023377863,0.973011364,1.054550904,1.037916122,Sant Antonio 1
2022-03-26,1.247290707,1.414465472,1.405065874,1.263380448,1.162816042,0.95849546,1.058538065,0.975864591,1.098918575,1.078452797,1.130982116,1.11158604,Sant Antonio 1
2022-03-28,1.543280954,1.816173166,1.737058412,1.71861139,1.461109727,1.356193256,1.354514205,1.212255773,1.347805344,1.240439248,1.394494955,1.302675249,Sant Antonio 1
2022-03-31,0.499412987,0.625655365,0.79719016,0.663995505,0.645005605,0.491407263,0.611667172,0.555845784,0.515267176,0.490056818,0.415126386,0.394247209,Sant Antonio 1
2022-04-02,0.132642464,0.17239227,0.183776379,0.176089656,0.171876946,0.158398184,0.172631685,0.171873367,0.163804071,0.152152535,0.149115796,0.142059741,Sant Antonio 1
2022-04-05,1.106407478,1.165301843,1.140987525,1.041161512,1.069404658,0.861705577,0.975634415,0.832462648,1.145568278,1.054141171,1.140973124,1.11711757,Sant Antonio 1
2022-04-07,0.648988531,0.824387077,1.048734989,0.891389201,0.861564329,0.650453956,0.80805783,0.745481141,0.752226463,0.679359703,0.59871116,0.541587046,Sant Antonio 1
2022-04-09,1.086200668,1.149822739,1.141279002,1.028224614,0.978562087,0.798394942,0.912698413,0.819924773,1.034112595,0.99486451,1.118743131,1.124283415,Sant Antonio 1
2022-04-10,1.023209609,1.062815199,1.005013408,0.908687681,0.893479885,0.727302205,0.860378122,0.713875248,0.95764419,0.907998252,1.054301129,1.017550035,Sant Antonio 1
2022-04-11,1.018129685,1.062690368,1.021627609,0.916819445,0.905156308,0.726005188,0.828025478,0.715703688,0.935909669,0.840253497,1.014087321,0.990898119,Sant Antonio 1
2022-04-14,1.377675427,1.507340091,1.49207182,1.409530428,1.313675427,1.148670558,1.245324032,1.208729495,1.298372561,1.204927885,1.303327006,1.334230112,Sant Antonio 1
2022-04-15,1.042287546,1.108878015,1.12058412,1.003755397,0.948125545,0.808365759,0.910170862,0.823059241,0.988920696,0.95826049,1.009091817,1.085185558,Sant Antonio 1
2022-04-16,1.494457238,1.450853847,1.354421709,1.283931634,1.370422842,1.239623865,1.349206349,1.072118901,1.17870017,1.093203671,1.414976521,1.401237051,Sant Antonio 1
2022-04-17,1.014799512,1.058446098,1.030299056,0.931752321,0.895425956,0.734435798,0.837756546,0.767161216,0.968246395,0.896661932,1.016834849,1.034773207,Sant Antonio 1
2022-04-18,1.168043891,1.241074549,1.247522444,1.146430895,1.102721385,0.923313878,1.008745324,0.940601818,1.141592451,1.062609266,1.112498751,1.151061048,Sant Antonio 1
2022-04-21,0.677718324,1.150197234,1.160006412,1.112499261,0.803804957,0.87021725,0.818799919,1.09628043,0.921464165,0.937909747,0.733839544,0.828346575,Sant Antonio 1
2022-04-22,0.54366477,0.698057622,0.880989857,0.73555503,0.728141736,0.544909209,0.685977151,0.61357225,0.575964801,0.547421329,0.465580977,0.443025244,Sant Antonio 1
2022-04-24,0.206357807,0.256154192,0.317710155,0.254006742,0.246606053,0.188229572,0.243150339,0.209225786,0.16062341,0.157615822,0.112898391,0.106859097,Sant Antonio 1
2022-04-28,1.046069268,1.134093973,1.106593214,1.027411438,0.976538174,0.78445201,0.921039329,0.818096333,1.035040288,0.994318182,1.13285543,1.090968521,Sant Antonio 1
2022-04-29,1.04172311,1.101076047,1.051649761,0.972780768,0.951005729,0.768644617,0.907643312,0.809998955,1.051606234,1.001966783,1.148091717,1.091094237,Sant Antonio 1
2022-05-05,0.838018152,1.03454087,1.330010493,1.210597906,1.108715282,0.853518158,1.046279446,0.85949744,1.022715225,0.946514423,0.715605955,0.690058332,Sant Antonio 1
2022-05-06,0.549252687,0.697932791,0.883248805,0.823895559,0.692801096,0.545963035,0.664998483,0.578178874,0.691528838,0.659282124,0.491182935,0.473825807,Sant Antonio 1
2022-05-07,0.221315362,0.292230489,0.370613268,0.33613756,0.293156059,0.221303502,0.278283288,0.257418243,0.307994063,0.298978365,0.229168748,0.229809917,Sant Antonio 1
2022-05-11,0.534238689,0.899910121,1.020826046,1.022310604,0.714130029,0.578388457,0.668537054,0.810260161,1.816422816,2.123989292,1.805749825,2.092301116,Sant Antonio 1
2022-05-12,0.370439357,0.628276826,0.837049668,0.826113312,0.565216714,0.419666018,0.513471843,0.610829589,1.855783503,2.15472028,1.8050005,2.105878507,Sant Antonio 1
2022-05-13,0.258850357,0.369001848,0.511542497,0.493819859,0.381896874,0.293450065,0.311141442,0.383188799,1.456477947,1.738690997,1.799630333,1.932263904,Sant Antonio 1
2022-05-14,0.19292423,0.302341839,0.388247639,0.401856999,0.287862748,0.216439689,0.227985037,0.315536517,1.288963104,1.611942745,1.680237786,1.788192698,Sant Antonio 1
2022-05-15,0.174523616,0.300594198,0.398012125,0.421668934,0.277198281,0.221303502,0.220907896,0.282102184,1.288300466,1.774612107,1.639024878,1.984939153,Sant Antonio 1
2022-05-16,0.165944189,0.206346432,0.486475458,0.398012893,0.293311745,0.171206226,0.238347993,0.198255146,1.539970314,1.764641608,1.787391348,1.655184552,Sant Antonio 1
2022-05-17,0.156800325,0.187746542,0.420164393,0.343751848,0.257504048,0.155642023,0.207511879,0.178925922,1.413008906,1.686516608,1.742431811,1.634064166,Sant Antonio 1
2022-05-18,0.162896234,0.195361262,0.399906727,0.322609261,0.253923278,0.15693904,0.205237084,0.184150037,1.359202714,1.702906469,1.755170347,1.673036307,Sant Antonio 1
2022-05-19,0.144044071,0.159284965,0.343943104,0.280471938,0.216558725,0.130998703,0.17338995,0.150715704,1.246024173,1.57697771,1.662253971,1.561902846,Sant Antonio 1
2022-05-20,0.139754357,0.147925301,0.317418678,0.260216453,0.203481131,0.120136187,0.161763219,0.133737332,1.183206107,1.563865822,1.64826656,1.553354118,Sant Antonio 1
2022-05-21,0.131739366,0.135067659,0.290165559,0.237891064,0.18853531,0.111219196,0.148872713,0.126945983,1.127014419,1.509506119,1.624537916,1.521170673,Sant Antonio 1
2022-05-22,0.150027093,0.151420582,0.287542264,0.236856112,0.222319093,0.125,0.181478111,0.151499321,0.95764419,1.320476399,1.464182236,1.333350096,Sant Antonio 1
2022-05-23,0.132981125,0.137938783,0.271656756,0.228280797,0.185421597,0.112191958,0.146092407,0.124595131,1.055979644,1.464707168,1.618543311,1.521673539,Sant Antonio 1
2022-05-24,0.186150998,0.150172267,0.297452489,0.237743214,0.269958899,0.133268482,0.231270852,0.146014001,0.740033927,1.038570804,1.192177041,1.138992256,Sant Antonio 1
2022-05-25,0.151494627,0.115843611,0.265972951,0.227097995,0.200056047,0.084954604,0.165049034,0.117803782,0.890850297,1.285784528,1.414227196,1.343910289,Sant Antonio 1
2022-05-26,0.259979229,0.210216208,0.409962691,0.339612041,0.371932993,0.185797665,0.324790213,0.211315432,1.190627651,1.72066215,1.966480168,1.906114855,Sant Antonio 1
2022-05-27,0.208728439,0.208468567,0.348242392,0.318099828,0.269803213,0.184500649,0.224446466,0.210793021,1.095340331,1.688019012,1.888924968,1.952755708,Sant Antonio 1
2022-05-28,0.190779373,0.121336196,0.238574094,0.187326276,0.276030639,0.125324254,0.258062885,0.118326194,0.416666667,0.550699301,0.69087821,0.624057126,Sant Antonio 1
2022-05-29,0.18445769,0.126953613,0.227352221,0.181855816,0.249719766,0.127918288,0.240370033,0.123811514,0.51500212,0.777152535,0.945399141,0.926279795,Sant Antonio 1
2022-05-30,0.127901201,0.083512258,0.184796549,0.138535691,0.18246357,0.07960441,0.160752199,0.078100512,0.315150551,0.452086976,0.529773204,0.497586242,Sant Antonio 1
2022-05-31,0.191343809,0.166899685,0.2691792,0.222366787,0.243336655,0.133916991,0.205489839,0.152021732,0.73552799,1.133358829,1.30207813,1.267474605,Sant Antonio 1
2022-06-01,0.124006593,0.124456983,0.19616416,0.173945828,0.144787645,0.10059987,0.112981498,0.110490022,0.77091285,1.232927229,1.388625237,1.399099869,Sant Antonio 1
2022-06-02,0.131852253,0.125705298,0.227643698,0.192648885,0.16424835,0.103761349,0.129410575,0.109445199,0.882103478,1.375109266,1.553351983,1.485718596,Sant Antonio 1
2022-06-03,0.164363768,0.105981924,0.219336598,0.168844994,0.232750031,0.111705577,0.20953392,0.09899697,0.381679389,0.553704108,0.662903387,0.639645982,Sant Antonio 1
2022-06-04,0.139754357,0.127203276,0.195435467,0.16662724,0.176236144,0.105869001,0.147356182,0.122505485,0.576494911,0.918651661,1.066040563,1.044956251,Sant Antonio 1
2022-06-05,0.128691412,0.121461028,0.219045121,0.187474126,0.15568564,0.098411154,0.120058639,0.107616759,0.868320611,1.393684441,1.574582875,1.506587549,Sant Antonio 1
2022-06-06,0.128465637,0.122085185,0.191354786,0.158939027,0.155218583,0.105706874,0.127388535,0.114408108,0.573314249,0.898164336,1.042311919,0.996429649,Sant Antonio 1
2022-06-07,0.162218911,0.132071703,0.20971785,0.170175646,0.206906215,0.108300908,0.181478111,0.119371017,0.462256149,0.714597902,0.853481866,0.808609072,Sant Antonio 1
2022-06-08,0.245473223,0.15922255,0.358444095,0.26738719,0.363993025,0.176070039,0.311015064,0.150062689,0.867127863,1.170236014,1.239009891,1.108191693,Sant Antonio 1
2022-06-09,0.067506547,0.042692365,0.09604174,0.070524573,0.100728609,0.047341115,0.08593671,0.03878905,0.240537532,0.35661604,0.379283645,0.356783667,Sant Antonio 1
2022-06-10,0.148390228,0.156039347,0.305540982,0.245209652,0.178493586,0.112191958,0.135476696,0.152021732,1.199639525,1.759178322,1.675616945,1.587297596,Sant Antonio 1
2022-06-11,0.268558656,0.206221601,0.460971202,0.360680703,0.388357828,0.195606355,0.320114245,0.212099049,1.634860051,2.202933785,2.260965131,2.023659861,Sant Antonio 1
2022-06-12,0.150535085,0.125892545,0.275227352,0.217857354,0.177948686,0.097843709,0.137877869,0.124464528,1.118002545,1.638576267,1.601308822,1.48999296,Sant Antonio 1
2022-06-13,0.251964237,0.179944575,0.380596362,0.28438997,0.390770955,0.183122568,0.326180366,0.165473827,0.90264525,1.203971809,1.267359377,1.118877602,Sant Antonio 1
2022-06-14,0.118305789,0.114470465,0.149819284,0.130551777,0.118788143,0.088035019,0.096552421,0.102131439,0.5139419,0.848721591,0.973873514,0.982852258,Sant Antonio 1
2022-06-15,0.12553057,0.123957657,0.175615017,0.147850257,0.142763731,0.081549935,0.115761804,0.10996761,0.511026293,0.833151224,0.951393746,0.945137283,Sant Antonio 1
2022-06-16,0.175313826,0.138188446,0.249941705,0.208025312,0.215624611,0.102788586,0.177939541,0.130602863,0.798876166,1.283052885,1.482415826,1.43920346,Sant Antonio 1
2022-06-17,0.168089045,0.143306536,0.258248805,0.216896327,0.202391331,0.097600519,0.163279749,0.131647686,0.926367684,1.494755245,1.720951144,1.664739012,Sant Antonio 1
2022-06-18,0.124740359,0.112098667,0.205782908,0.175350405,0.150236642,0.078307393,0.117025579,0.107877965,0.824586514,1.323208042,1.526126486,1.443729257,Sant Antonio 1
2022-06-19,0.132642464,0.117965746,0.219628075,0.188361228,0.158955038,0.079928664,0.12359721,0.110228816,0.860368957,1.382211538,1.582825457,1.508599014,Sant Antonio 1
2022-06-20,0.131852253,0.118090578,0.215255917,0.188065527,0.156308382,0.084954604,0.120816904,0.110751228,0.870971162,1.390406469,1.606554101,1.517902042,Sant Antonio 1
2022-06-21,0.147092026,0.125705298,0.231287163,0.198710746,0.182152198,0.095817121,0.145334142,0.123289102,0.847911366,1.375655594,1.576581077,1.520416373,Sant Antonio 1
2022-06-22,0.245303892,0.165526539,0.329223505,0.257850849,0.351849545,0.159857328,0.309877667,0.167694076,0.630566158,0.940777972,1.128734139,1.107060243,Sant Antonio 1
2022-06-23,0.167863271,0.093623608,0.229684039,0.170767047,0.241624113,0.087548638,0.213830755,0.092989238,0.391221374,0.601234703,0.705365171,0.70929297,Sant Antonio 1
2022-06-24,0.134109997,0.116342937,0.218899382,0.18969188,0.15817661,0.082036316,0.122080679,0.109445199,0.880513147,1.435751748,1.637026676,1.573217339,Sant Antonio 1
2022-06-25,0.165944189,0.128576422,0.244840853,0.205216157,0.204415245,0.100518807,0.16681832,0.126423571,0.844465649,1.33823208,1.548106704,1.469878306,Sant Antonio 1
2022-06-26,0.140657455,0.140934738,0.226769267,0.196197291,0.172344003,0.096465629,0.135476696,0.143924355,0.84605598,1.381392045,1.57383355,1.551594086,Sant Antonio 1
2022-06-27,0.157590536,0.142183053,0.24833858,0.212017269,0.203481131,0.114461738,0.164038014,0.140006269,0.849501696,1.363363199,1.583075232,1.545811123,Sant Antonio 1
2022-06-28,0.131287817,0.076147201,0.165559053,0.126855521,0.18495454,0.079928664,0.16530179,0.074182426,0.290765479,0.426682692,0.529273654,0.525495323,Sant Antonio 1
2022-06-29,0.082068997,0.04818495,0.111490031,0.084126796,0.111003861,0.045881971,0.096299666,0.045711002,0.235634012,0.40892701,0.466330303,0.47923162,Sant Antonio 1
2022-06-30,0.125191908,0.10648125,0.204034045,0.174611154,0.143697845,0.072146563,0.109695683,0.100564204,0.831212892,1.30736451,1.525876711,1.443477824,Sant Antonio 1
2022-07-01,0.158380746,0.123957657,0.217879212,0.168697144,0.198810562,0.100194553,0.16884036,0.118848605,0.442907125,0.708861451,0.804276151,0.809866238,Sant Antonio 1
2022-07-02,0.232773413,0.198357218,0.336801912,0.285203146,0.307167767,0.17769131,0.257557375,0.202695643,0.954463528,1.474814248,1.739684284,1.693653827,Sant Antonio 1
2022-07-03,0.125079021,0.111349678,0.203742567,0.173871903,0.140584133,0.074902724,0.106662623,0.104221085,0.831212892,1.31173514,1.520881207,1.461078145,Sant Antonio 1
2022-07-04,0.129030073,0.116218106,0.209863589,0.179194512,0.149769585,0.083981842,0.115256294,0.108922788,0.819815522,1.312281469,1.495404136,1.450266519,Sant Antonio 1
2022-07-05,0.123272826,0.075772707,0.170805643,0.124933467,0.16923029,0.067931258,0.146345162,0.0684359,0.309054283,0.458369755,0.548256569,0.533289752,Sant Antonio 1
2022-07-06,0.172830308,0.113846307,0.212924099,0.158939027,0.232127289,0.108949416,0.20953392,0.112318462,0.329463528,0.47066215,0.576730942,0.559941668,Sant Antonio 1
2022-07-07,0.212002167,0.154791032,0.287542264,0.222958188,0.288952547,0.14461738,0.253513295,0.153850172,0.591868109,0.882320804,1.063792587,1.053504978,Sant Antonio 1
2022-07-08,0.135013095,0.13094822,0.240322957,0.202998403,0.157865239,0.099059663,0.120058639,0.12407272,1.01860687,1.524256993,1.744180238,1.630292668,Sant Antonio 1
2022-07-09,0.132529576,0.1165926,0.166870701,0.149772311,0.141673932,0.102950713,0.118289354,0.099519381,0.496448261,0.750109266,0.867219502,0.844564015,Sant Antonio 1
2022-07-10,0.164702429,0.151795077,0.300367261,0.246318529,0.197720762,0.117217899,0.151653018,0.137133006,1.124893978,1.698809003,1.910030972,1.852308156,Sant Antonio 1
2022-07-11,0.185135013,0.162405752,0.310568964,0.242770122,0.228546519,0.127431907,0.189566272,0.136610595,0.766274385,1.111778846,1.241632531,1.22900533,Sant Antonio 1
2022-07-12,0.307561185,0.434226295,0.557304419,0.530634573,0.446039357,0.26232166,0.370791629,0.374438408,1.425599025,1.901496941,1.877934859,1.71376848,Sant Antonio 1
2022-07-13,0.081504561,0.148174964,0.102454238,0.116062452,0.071304023,0.045233463,0.057122637,0.080451363,0.272476675,0.562172203,0.442351883,0.473700091,Sant Antonio 1
2022-07-14,0.173846293,0.252159585,0.347586569,0.262877757,0.302497198,0.121595331,0.221918916,0.208964581,1.032389737,1.706184441,1.707713058,1.680579302,Sant Antonio 1
2022-07-15,0.191005148,0.2914815,0.366532587,0.277071382,0.290198032,0.128891051,0.192093823,0.23038345,1.026028414,1.709462413,1.700719353,1.692648094,Sant Antonio 1
2022-07-16,0.178700443,0.308333749,0.299638568,0.296439766,0.217025782,0.15077821,0.153169548,0.219674015,1.020197201,1.734320367,1.684234189,1.689882329,Sant Antonio 1
2022-07-17,0.226677504,0.415938483,0.55511834,0.414719972,0.309347366,0.250972763,0.272975432,0.326507157,0.857718405,1.366914336,1.116495154,1.1741929,Sant Antonio 1
2022-07-18,0.170911226,0.354146902,0.34219424,0.360754628,0.18744551,0.173151751,0.162774239,0.259638491,0.527724767,0.931763549,0.721350784,0.757568138,Sant Antonio 1
2022-07-19,0.147882236,0.233684526,0.247609887,0.238630315,0.167829119,0.109435798,0.132190881,0.145491589,0.887669635,1.519886364,1.45668898,1.465101076,Sant Antonio 1
2022-07-20,0.154655468,0.227817446,0.27646613,0.246022828,0.182152198,0.117380026,0.142048327,0.150976909,1.040871501,1.728037587,1.693975422,1.696922458,Sant Antonio 1
2022-07-21,0.183441705,0.262520597,0.299930045,0.281211189,0.209708556,0.13732166,0.16732383,0.166388047,1.035570399,1.723120629,1.691227895,1.705471186,Sant Antonio 1
2022-07-22,0.176894247,0.244794527,0.299347091,0.278549885,0.206750529,0.137645914,0.164543524,0.166649253,1.054654368,1.742788462,1.711209911,1.723071508,Sant Antonio 1
2022-07-23,0.162557572,0.302529086,0.27857934,0.25873795,0.185265911,0.144860571,0.145713275,0.217845575,1.037293257,1.703316215,1.679988011,1.875314291,Sant Antonio 1
2022-07-24,0.174410729,0.263519249,0.300367261,0.273966527,0.205505044,0.139753567,0.163785259,0.176575071,1.059160305,1.747159091,1.714207214,1.725837272,Sant Antonio 1
2022-07-25,0.161090039,0.292105657,0.277486301,0.296735466,0.18137377,0.150453956,0.149630978,0.19799394,0.684637405,1.293979458,1.140223799,1.213165041,Sant Antonio 1
2022-07-26,0.294296938,0.280621161,0.370759007,0.314625347,0.387968614,0.196660182,0.337933475,0.193031031,1.131785411,1.837303322,1.915026476,1.863874082,Sant Antonio 1
2022-07-27,0.189537614,0.317820942,0.414480588,0.331480277,0.236797858,0.183365759,0.201951269,0.23404033,0.744009754,1.197279283,0.964132281,1.084682691,Sant Antonio 1
2022-07-28,0.162557572,0.280995656,0.36522094,0.266278313,0.220917923,0.135376135,0.194874128,0.206091318,0.591603053,0.86565778,0.757068638,0.770139797,Sant Antonio 1
2022-07-29,0.151607514,0.200729016,0.241926081,0.216304926,0.165805206,0.108138781,0.131938126,0.135304566,0.827767176,1.379753059,1.352282945,1.399477019,Sant Antonio 1
2022-07-30,0.185022126,0.271882958,0.38708173,0.28135904,0.265444015,0.178664073,0.232787382,0.206874935,0.692324003,0.99295236,0.890448596,0.922508297,Sant Antonio 1
2022-07-31,0.132755351,0.248040146,0.326162994,0.257555148,0.152416241,0.13618677,0.135982206,0.188590534,0.631361323,0.863745629,0.730592467,0.795031681,Sant Antonio 1
2022-08-01,0.21188928,0.494457482,0.561822315,0.565822935,0.264354216,0.177204929,0.205995349,0.358374256,1.353371501,1.945476399,2.126336297,2.07080358,Sant Antonio 1
2022-08-02,0.236950239,0.437409497,0.527428005,0.429061447,0.323359073,0.23151751,0.281316348,0.324939923,0.921066582,1.311188811,1.081027076,1.143518053,Sant Antonio 1
2022-08-03,0.269123092,0.352773755,0.468403871,0.399491395,0.373956906,0.248540856,0.317460317,0.315275311,1.171013571,1.891936189,1.880307723,1.910640652,Sant Antonio 1
2022-08-04,0.236498691,0.403330504,0.499446193,0.434531906,0.2970482,0.269293126,0.25427156,0.299602967,1.004028838,1.768739073,1.587820961,1.588303329,Sant Antonio 1
2022-08-05,0.184344803,0.246292505,0.298618398,0.2585901,0.211888155,0.160181582,0.180214336,0.136349389,0.59451866,1.032834353,0.915925667,0.906668008,Sant Antonio 1
2022-08-06,0.170008128,0.230314076,0.307508453,0.261251405,0.201301532,0.130674449,0.157971894,0.161686344,1.07797922,1.664663462,1.692226996,1.678567837,Sant Antonio 1
2022-08-07,0.0379301,0.051805063,0.078698846,0.054261044,0.050442147,0.03193904,0.04524315,0.03787483,0.119539864,0.152425699,0.126885803,0.136276778,Sant Antonio 1
2022-08-08,0.433373973,0.333362461,0.734668299,0.567818913,0.711172001,0.347114137,0.61583763,0.335257549,1.864397795,2.317389642,2.420946148,2.188851453,Sant Antonio 1
2022-08-09,0.18242572,0.312827683,0.452081147,0.332367378,0.230881803,0.141212711,0.191082803,0.214972312,1.171808736,1.809713724,1.781396743,1.789198431,Sant Antonio 1
2022-08-10,0.157929197,0.155789684,0.33490731,0.23567331,0.187134139,0.114948119,0.150641998,0.119109811,1.054389313,1.476453234,1.585572984,1.493010158,Sant Antonio 1
2022-08-11,0.148333785,0.14954811,0.320187711,0.231829203,0.178104372,0.114948119,0.146092407,0.118326194,1.061545802,1.477545892,1.589569388,1.514381977,Sant Antonio 1
2022-08-12,0.104082001,0.098741699,0.24003148,0.172836951,0.146967244,0.108300908,0.130927105,0.099519381,0.348017388,0.403463724,0.478069737,0.49984914,Sant Antonio 1
2022-08-13,0.156574551,0.118839567,0.132622129,0.114288249,0.168140491,0.113651102,0.152916793,0.085936684,0.24173028,0.338996941,0.439854131,0.417379061,Sant Antonio 1
2022-08-14,0.20421295,0.225695311,0.465780576,0.348778757,0.284437663,0.174773022,0.248458194,0.208964581,0.951547922,1.252731643,1.380007993,1.362013477,Sant Antonio 1
2022-08-15,0.184683464,0.149048784,0.314795383,0.220592584,0.233839831,0.130512322,0.200181984,0.146797618,0.720949958,1.036112325,1.151213907,1.13773509,Sant Antonio 1
2022-08-16,0.271832385,0.189119688,0.443118223,0.340351292,0.44969797,0.200713359,0.386462441,0.182713405,1.204543045,1.55239292,1.562968329,1.449637936,Sant Antonio 1
2022-08-17,0.235764924,0.17957008,0.422058995,0.312111893,0.383064516,0.1961738,0.319608735,0.170306133,1.284987277,1.712603802,1.690603457,1.629789802,Sant Antonio 1
2022-08-18,0.179547097,0.150921256,0.358662703,0.265539062,0.283814921,0.150940337,0.229627945,0.141704106,1.125689143,1.524530157,1.458562294,1.419340239,Sant Antonio 1
2022-08-19,0.230459225,0.17239227,0.37775446,0.283724644,0.358699714,0.203874838,0.308740269,0.159074287,0.811466285,1.016717657,1.058547307,0.978577894,Sant Antonio 1
2022-08-20,0.120337759,0.100177261,0.235294975,0.165444438,0.16066758,0.085035668,0.123470832,0.080973775,0.75514207,1.011527535,0.978619243,0.946017299,Sant Antonio 1
2022-08-21,0.192190463,0.186435812,0.448802029,0.325122716,0.305066011,0.172503243,0.243150339,0.157507053,1.160808948,1.48751639,1.480917175,1.38803681,Sant Antonio 1
2022-08-22,0.299715524,0.161906426,0.415427889,0.297252942,0.496870719,0.181987678,0.44548074,0.151760527,0.755937235,0.901032561,0.977745029,0.875490295,Sant Antonio 1
2022-08-23,0.251230471,0.165713786,0.42883584,0.299470696,0.439811932,0.192039559,0.380017187,0.152282938,1.064726463,1.29220389,1.363273054,1.20876496,Sant Antonio 1
2022-08-24,0.21956561,0.19436261,0.505712953,0.358758649,0.36523851,0.158317121,0.287003336,0.140659283,1.120122986,1.406659747,1.418723149,1.309715378,Sant Antonio 1
2022-08-25,0.073150908,0.046562141,0.110979946,0.073111952,0.071304023,0.035992218,0.058639167,0.030038658,0.190442112,0.237106643,0.232790489,0.224026954,Sant Antonio 1
2022-08-26,0.143310304,0.092500125,0.221959893,0.156721273,0.227067505,0.105220493,0.200055606,0.088679344,0.480677481,0.609429633,0.631057049,0.613999799,Sant Antonio 1
2022-08-27,0.095163912,0.065723773,0.156158913,0.105269383,0.107812305,0.052042802,0.090739056,0.042968342,0.276054919,0.342548077,0.331077031,0.327743136,Sant Antonio 1
2022-08-28,0.247843854,0.147550806,0.416666667,0.289564729,0.415447129,0.173962387,0.365736528,0.140920489,0.766274385,0.92111014,0.961259866,0.906793724,Sant Antonio 1
2022-08-29,0.207768897,0.155352774,0.467675178,0.32490094,0.364382239,0.165450713,0.302295016,0.150976909,1.299830365,1.692389642,1.694724748,1.609549432,Sant Antonio 1
2022-08-30,0.165944189,0.12714086,0.320041973,0.23855639,0.251510151,0.108057717,0.199676474,0.115322328,1.087123622,1.426600743,1.366270357,1.305063864,Sant Antonio 1
2022-08-31,0.194843313,0.125268388,0.329806459,0.231385653,0.301096027,0.146076524,0.268552219,0.116628356,0.514074427,0.607107736,0.617818963,0.565347481,Sant Antonio 1
2022-09-01,0.14308453,0.105981924,0.220939723,0.169584245,0.211421099,0.115272374,0.180467091,0.101086616,0.62009648,0.785620629,0.804775702,0.737579201,Sant Antonio 1
2022-09-02,0.203140522,0.140372996,0.321062143,0.253784967,0.301640927,0.133349546,0.2562936,0.132039494,1.126219254,1.49379917,1.50252273,1.445237856,Sant Antonio 1
2022-09-03,0.126885216,0.103797374,0.24622537,0.192648885,0.186744925,0.081549935,0.142427459,0.096646118,1.011052799,1.329900568,1.300704366,1.214799356,Sant Antonio 1
2022-09-04,0.341935338,0.18206671,0.588929696,0.394538411,0.620173745,0.188310636,0.551132343,0.157115244,1.061015691,1.247268357,1.338670197,1.199964799,Sant Antonio 1
2022-09-05,0.137609501,0.108478554,0.265900082,0.202702703,0.209007971,0.088521401,0.161257709,0.101086616,1.019534563,1.322525131,1.319437506,1.234662577,Sant Antonio 1
2022-09-06,0.121692405,0.094247766,0.211175236,0.162857058,0.174834973,0.078955901,0.140026287,0.086720301,0.72572095,0.956484921,0.929913078,0.892336317,Sant Antonio 1
2022-09-07,0.137270839,0.086071304,0.218972251,0.158495476,0.210486985,0.079928664,0.178571429,0.077839306,0.597566794,0.727163462,0.738335498,0.698355627,Sant Antonio 1
2022-09-08,0.143253861,0.092312878,0.246589717,0.173797977,0.245749782,0.109922179,0.221160651,0.091030195,0.464111535,0.570776879,0.59246678,0.573141909,Sant Antonio 1
2022-09-09,0.129933171,0.106543666,0.233546112,0.187104501,0.185655125,0.082846952,0.145207765,0.099780587,0.906753605,1.176655376,1.187056649,1.093608569,Sant Antonio 1
2022-09-10,0.139415696,0.098242373,0.239229917,0.168475368,0.202702703,0.099627108,0.173895461,0.090246578,0.525869381,0.635516827,0.661404736,0.59702806,Sant Antonio 1
2022-09-11,0.25529441,0.207969242,0.552786522,0.394168786,0.456392452,0.231841764,0.398089172,0.182974611,1.057569975,1.239756337,1.311319812,1.196821885,Sant Antonio 1
2022-09-12,0.116048045,0.090190742,0.193613734,0.141123071,0.155296425,0.083414397,0.125872005,0.084761258,0.631626378,0.819766171,0.838245579,0.80571759,Sant Antonio 1
2022-09-13,0.110911677,0.089753832,0.206220124,0.16389201,0.162224436,0.069471466,0.124355475,0.083977641,0.838236853,1.092930507,1.093016285,1.029493111,Sant Antonio 1
2022-09-14,0.137722388,0.089004843,0.247391279,0.1723934,0.237264915,0.10903048,0.213451623,0.086328492,0.416799194,0.502895542,0.520906184,0.495197626,Sant Antonio 1
2022-09-15,0.026810711,0.023218655,0.056109362,0.039919569,0.046316478,0.022211414,0.043600243,0.021941281,0.080179177,0.106397509,0.092916375,0.099064669,Sant Antonio 1
2022-09-16,0.263422288,0.208530983,0.431167658,0.330814951,0.398477394,0.196416991,0.355499949,0.199952983,0.864742366,0.995410839,0.9881107,0.905285125,Sant Antonio 1
2022-09-17,0.098832746,0.080641134,0.184213594,0.146076054,0.143464317,0.058771077,0.108684663,0.076794483,0.785358355,0.970552885,1.018083725,0.88227899,Sant Antonio 1
2022-09-18,0.10453355,0.082700854,0.18880436,0.14947661,0.149458214,0.060878729,0.113992518,0.077055689,0.786418575,0.984484266,1.028324508,0.929925576,Sant Antonio 1
2022-09-19,0.080940125,0.051680232,0.123950682,0.086788101,0.109057791,0.055771725,0.092002831,0.046494619,0.32336726,0.423814467,0.446348287,0.437242281,Sant Antonio 1
2022-09-20,0.172999639,0.145054177,0.347295092,0.258368325,0.290198032,0.150048638,0.23645233,0.147450632,1.135363656,1.365138767,1.441202917,1.297898019,Sant Antonio 1
2022-09-21,0.098832746,0.080079393,0.180861607,0.142379798,0.14299726,0.058446822,0.109569305,0.07574966,0.759117897,0.924388112,0.979118793,0.868953032,Sant Antonio 1
2022-09-22,0.119321774,0.091189394,0.215401656,0.165740138,0.177715158,0.072389754,0.138636134,0.086459095,0.852682358,1.024366259,1.100509541,0.982852258,Sant Antonio 1
2022-09-23,0.099227852,0.0773331,0.177291011,0.140309894,0.143075103,0.057879377,0.109948438,0.073007,0.744672392,0.901988636,0.953142172,0.859650005,Sant Antonio 1
2022-09-24,0.014223788,0.011172417,0.025649994,0.017742031,0.022418732,0.011673152,0.020473157,0.01005642,0.037107718,0.045481862,0.04008892,0.041863623,Sant Antonio 1
2022-09-25,0.116894699,0.066472762,0.156158913,0.124120291,0.152338398,0.078712711,0.136740471,0.059685508,0.267043045,0.30935861,0.319837147,0.305617017,Sant Antonio 1
2022-09-26,0.077384178,0.04643731,0.111562901,0.07739961,0.112405032,0.056177043,0.099585482,0.040748093,0.198128711,0.225906906,0.239284644,0.224026954,Sant Antonio 1
2022-09-27,0.065813239,0.053490288,0.120744433,0.088784079,0.108123677,0.052285992,0.095288646,0.051588131,0.188454198,0.207878059,0.207563193,0.192472091,Sant Antonio 1
2022-09-28,0.023875643,0.020534778,0.04590766,0.032748832,0.039232781,0.020671206,0.035891214,0.019329224,0.063480704,0.075120192,0.069062843,0.070778437,Sant Antonio 1
2022-09-29,0.028504019,0.021783093,0.051518596,0.035927613,0.046394321,0.02464332,0.041830957,0.020112841,0.07514313,0.083588287,0.079053852,0.077567133,Sant Antonio 1
2022-09-30,0.062708841,0.0515554,0.121254518,0.086566326,0.106255449,0.059743839,0.098068952,0.048976074,0.205682782,0.237789554,0.237661105,0.236221462,Sant Antonio 1
2022-10-01,0.151325296,0.107230239,0.265462866,0.192796735,0.261785403,0.123540856,0.23291376,0.107355553,0.480014843,0.507129589,0.54663303,0.484637433,Sant Antonio 1
2022-10-02,0.053960083,0.045376242,0.104203101,0.076142882,0.091620999,0.044828145,0.082271762,0.044796782,0.166719678,0.181517701,0.182460785,0.174368903,Sant Antonio 1
2022-10-03,0.065079473,0.039072252,0.08241518,0.059879354,0.067178353,0.028939689,0.054595086,0.026642984,0.184743427,0.20473667,0.215306224,0.196369305,Sant Antonio 1
2022-10-04,0.188295855,0.136440805,0.319896234,0.243361523,0.324059659,0.168206874,0.282453746,0.143663149,0.698685327,0.730714598,0.797032671,0.71922458,Sant Antonio 1
2022-10-05,0.13744017,0.116030858,0.245933893,0.204476906,0.238821771,0.12726978,0.203467799,0.13138648,0.751563825,0.825775787,0.911929264,0.860530021,Sant Antonio 1
2022-10-06,0.096970107,0.077395516,0.188512883,0.154799219,0.171799103,0.080171855,0.142553837,0.090507784,0.619698897,0.671847684,0.748701169,0.707910087,Sant Antonio 1
2022-10-07,0.096970107,0.077520348,0.185889588,0.155464546,0.175224187,0.08576524,0.148114447,0.09716853,0.589350085,0.634833916,0.712109102,0.682641054,Sant Antonio 1
2022-10-08,0.107412174,0.084885405,0.204616999,0.169066769,0.19709802,0.099546044,0.16934587,0.112710271,0.591868109,0.630463287,0.711234889,0.685029669,Sant Antonio 1
2022-10-09,0.207486679,0.171268787,0.4111286,0.259920752,0.336280981,0.277723735,0.304569811,0.177619893,0.479484733,0.49142264,0.577480268,0.581062054,Sant Antonio 1
2022-10-10,0.266526687,0.238802616,0.568380553,0.40503578,0.494768963,0.277318418,0.448766555,0.291766796,0.758587786,0.728119537,0.73146668,0.710550136,Sant Antonio 1
2022-10-11,0.335726542,0.309519648,0.810015157,0.530708498,0.667813551,0.34306096,0.580957436,0.365949222,0.900524809,0.814166302,0.785543011,0.756310973,Sant Antonio 1
2022-10-12,0.312471778,0.306461277,0.756237612,0.493598084,0.617215718,0.34419585,0.539758366,0.372479365,0.860368957,0.799415428,0.776551104,0.763979684,Sant Antonio 1
2022-10-13,0.208954213,0.18880761,0.424099335,0.29621799,0.353017188,0.197470817,0.307982004,0.221371852,0.588952502,0.576103584,0.591967229,0.587222166,Sant Antonio 1
2022-10-14,0.444211144,0.286862735,1.043634138,0.559465373,0.850510649,0.563391699,0.694318067,0.341918295,1.047232824,1.11205201,1.29683285,1.411042945,Sant Antonio 1
2022-10-15,0.360674614,0.346032856,0.82845109,0.525164114,0.664232781,0.385700389,0.588160954,0.409178769,0.757395038,0.644121503,0.615446099,0.605199638,Sant Antonio 1
2022-10-16,0.362593696,0.362635442,0.799813455,0.53447868,0.624143729,0.422503243,0.558209483,0.436735973,0.706371925,0.650540865,0.620191827,0.664663582,Sant Antonio 1
2022-10-17,0.498792107,0.363509262,0.875961875,0.595614761,0.93115581,0.811527237,0.813239308,0.47082332,0.972487277,0.872896635,1.325556999,1.50030172,Sant Antonio 1
2022-10-18,0.253770433,0.229752334,0.409889822,0.31913478,0.360723627,0.258592737,0.328455161,0.310704211,0.551182146,0.567362325,0.597712059,0.65850347,Sant Antonio 1
2022-10-19,0.291361871,0.257090428,0.393057013,0.332219528,0.354807573,0.277237354,0.329087049,0.332253683,0.564434902,0.589488636,0.627560196,0.692321231,Sant Antonio 1
2022-10-20,0.49867922,0.651620313,0.718126967,0.671018393,0.614102005,0.512808042,0.601556971,0.725890712,0.755804707,0.794908217,0.727969827,0.835135271,Sant Antonio 1
2022-10-21,0.347692586,0.568732212,0.483269208,0.534922231,0.486206252,0.410667964,0.470629866,0.558719047,0.492472434,0.572552448,0.474323109,0.524238157,Sant Antonio 1
2022-10-22,0.170741895,0.235744245,0.278943687,0.25555917,0.248474281,0.1875,0.248710949,0.243835545,0.234706319,0.242296766,0.186082526,0.204540883,Sant Antonio 1
2022-10-23,0.541294139,0.753295551,0.850311881,0.808001656,0.773134886,0.581387808,0.764583965,0.767683628,0.77144296,0.743143575,0.602083125,0.599039525,Sant Antonio 1
2022-10-25,0.679468075,0.773455835,0.896583887,0.759211071,0.820307635,0.854085603,0.76281468,0.762720719,0.789599237,0.787259615,0.830002997,0.891079151,Sant Antonio 1
2022-10-26,0.597624853,0.732136616,0.659540049,0.61217399,0.558444389,0.476329442,0.523961177,0.586798663,0.686492791,0.656140734,0.632430812,0.702252841,Sant Antonio 1
2022-10-27,0.613429062,0.759412293,0.683295441,0.643000769,0.585689376,0.501621271,0.552016985,0.625979521,0.6947095,0.684003497,0.629308622,0.710172986,Sant Antonio 1
2022-10-28,0.52266775,0.62646677,0.539524309,0.500842746,0.46184145,0.396968223,0.432337479,0.489760736,0.528519932,0.509314904,0.487061645,0.527632505,Sant Antonio 1
2022-10-29,0.548914025,0.640884806,0.596289495,0.5174759,0.510103998,0.410992218,0.478718026,0.490805558,0.603000424,0.574054851,0.553501848,0.623051393,Sant Antonio 1
2022-10-30,0.46498239,0.621535926,0.535880844,0.453456739,0.479200399,0.39348249,0.444090587,0.450841082,0.569073367,0.551518794,0.553002298,0.614251232,Sant Antonio 1
2022-10-31,0.433035311,0.579218056,0.412731724,0.397865042,0.349047204,0.320525292,0.319482358,0.377964685,0.376643342,0.366586538,0.362174043,0.391732877,Sant Antonio 1
2022-11-01,0.802628014,1.052204524,1.391366445,1.217546869,1.121559347,0.75729572,1.108330806,1.024971267,1.188772265,1.094569493,1.057548207,0.977320728,Sant Antonio 1
2022-11-02,0.706673891,0.954835971,1.052232715,0.960435271,0.868103126,0.635538262,0.860883632,0.855709957,0.838899491,0.820858829,0.808022779,0.77994569,Sant Antonio 1
2022-11-03,0.74708751,0.937234733,1.149003148,0.962948726,0.947347117,0.884241245,0.890708725,0.9123916,0.918681086,0.859921329,0.833749625,0.846324047,Sant Antonio 1
2022-11-06,0.597455522,0.651682728,0.62186662,0.531004199,0.536570557,0.399238003,0.501339602,0.481402152,0.594916243,0.557391827,0.547257468,0.582570653,Sant Antonio 1
2022-11-07,0.595254222,0.648187447,0.617567331,0.521911408,0.524037863,0.389267185,0.48971287,0.463248354,0.591205471,0.547011582,0.545758817,0.575656241,Sant Antonio 1
2022-11-08,0.865844848,1.007514855,1.295178967,1.062599799,1.000124549,0.802853437,0.924072389,0.913697628,1.044582273,0.941597465,0.859226696,0.819169265,Sant Antonio 1
2022-11-10,0.927763479,1.111686723,1.362801679,1.158924242,1.165696226,0.871757458,1.085582853,1.035288894,1.089774173,0.947060752,0.806149465,0.77114553,Sant Antonio 1
2022-11-11,0.866747945,1.068744695,1.081526175,0.939736235,0.96649645,0.788829442,0.906885047,0.994410197,0.94730704,0.87071132,0.822884404,0.819294981,Sant Antonio 1
2022-11-12,0.706843222,0.877939781,1.221435234,0.934044,1.001681405,0.696579118,0.948716004,0.845392331,1.046040076,0.822497815,0.724847637,0.652217641,Sant Antonio 1
2022-11-14,0.798507631,0.88630349,0.859639151,0.710346561,0.811355711,0.543774319,0.750303306,0.634860516,0.587759754,0.518875656,0.511914277,0.493814744,Sant Antonio 1
2022-11-15,0.144044071,0.196297498,0.217223388,0.184812822,0.182230041,0.147373541,0.173263573,0.177881099,0.150948897,0.14805507,0.114896593,0.125716585,Sant Antonio 1
2022-11-16,0.142632981,0.194112948,0.219482336,0.185921699,0.183942583,0.147697795,0.174274593,0.179578936,0.15625,0.152289117,0.119892097,0.129990948,Sant Antonio 1
2022-11-17,0.166395737,0.226319469,0.25460534,0.216304926,0.21367854,0.171125162,0.200434739,0.207527949,0.189381891,0.174005682,0.144370067,0.149854169,Sant Antonio 1
2022-11-18,0.271945272,0.375742747,0.453975749,0.386110947,0.389369785,0.305933852,0.365104641,0.389327134,0.371739822,0.328753278,0.283245079,0.283616615,Sant Antonio 1
2022-11-19,0.332678588,0.462937534,0.520505421,0.44813413,0.437865861,0.360570687,0.416919422,0.446661791,0.423690628,0.385844624,0.321460685,0.317560093,Sant Antonio 1
2022-11-20,0.720163912,0.908086583,0.804185613,0.733559051,0.673651762,0.592574578,0.632519462,0.795763243,0.636927481,0.61489292,0.54925567,0.538946998,Sant Antonio 1
2022-11-21,0.13258602,0.171393619,0.185670981,0.153986043,0.153428198,0.11997406,0.144323122,0.149148469,0.137563613,0.123880026,0.103781597,0.104219049,Sant Antonio 1
2022-11-22,0.050404136,0.064912368,0.07301504,0.067197942,0.066711297,0.062905318,0.068496613,0.079798349,0.07567324,0.075120192,0.066939754,0.071658453,Sant Antonio 1
2022-11-24,0.536835094,0.534029061,0.534277719,0.429135372,0.44969797,0.31476978,0.403649783,0.344530352,0.482400339,0.413570804,0.463707663,0.455219753,Sant Antonio 1
2022-11-25,0.31563262,0.403517751,0.469861257,0.394760187,0.413501059,0.331306744,0.402133252,0.411007209,0.396787532,0.352655157,0.303726646,0.299834054,Sant Antonio 1
2022-11-27,0.521933984,0.523917711,0.520869768,0.415607073,0.438021547,0.30269131,0.392781316,0.333690314,0.452846692,0.380654502,0.432360875,0.420396259,Sant Antonio 1
2022-11-28,0.589158313,0.787936286,0.877273522,0.756623692,0.759823764,0.642347601,0.740319482,0.817704524,0.74533503,0.674989073,0.581726446,0.557553052,Sant Antonio 1
2022-11-29,0.586731238,0.830628651,0.929010726,0.800017742,0.762314734,0.656857977,0.746385603,0.855971163,0.805104962,0.716100306,0.614446998,0.589359348,Sant Antonio 1
2022-12-01,0.947462296,1.164428022,1.445872683,1.259388491,1.38638062,1.003891051,1.340865433,1.295057988,1.360262935,1.102491259,0.953391947,0.878004626,Sant Antonio 1
